<?xml version="1.0" encoding="utf-8"?>
<extension type="component" version="3.0" method="upgrade">
	<name>Groupbuy</name>
	<!-- The following elements are optional and free of formatting constraints -->
	<!-- 以下tag自選,沒有格式限制 -->
	<creationDate>October 2020</creationDate>
	<author>John Guo</author>
	<authorEmail>10733135@mail.chihlee.edu.tw</authorEmail>
	<!-- <authorUrl></authorUrl> -->
	<copyright>Copyright Info</copyright>
	<license>GNU/GPLv3 http://www.gnu.org/licenses/gpl-3.0.html</license>
	<!--  The version string is recorded in the components table -->
	<!--  紀錄元件版本 -->
	<version>1.0.0</version>
	<!-- The description is optional and defaults to the name -->
	<!-- 元件的介紹,預設為元件名稱 -->
	<description>Description of the GroupBuy component ...</description>
	<updateservers>
		<server type="collection">http://example.com/list.xml</server>
		<server type="extension" priority="2" name="Groupbuy">http://example.com/extension.xml</server>
	</updateservers>
	<updates>
		<update>
			<name>GroupBuy</name>
			<description>Description of the GroupBuy component ...</description>
			<element>joomla</element>
			<type>component</type>
			<version>3.9.6</version>
			<infourl title="Joomla!">https://www.joomla.org/announcements/release-news/5765-joomla-3-9-6-release.html</infourl>
			<downloads>
				<downloadurl type="full" format="zip">https://downloads.joomla.org/cms/joomla3/3-9-6/Joomla_3.9.6-Stable-Update_Package.zip</downloadurl>
				<downloadsource type="full" format="zip">https://github.com/joomla/joomla-cms/releases/download/3.9.6/Joomla_3.9.6-Stable-Update_Package.zip</downloadsource>
				<downloadsource type="full" format="zip">https://update.joomla.org/releases/3.9.6/Joomla_3.9.6-Stable-Update_Package.zip</downloadsource>
			</downloads>
			<tags>
				<tag>stable</tag>
			</tags>
			<sha256>05157273aadd3045564ee44373ea3643b437fa5321d17993a3119b38b04578e2</sha256>
			<sha384>ebd9b0666fbe84e20a420a4bcd6c10d306fc4dee4edbbe8e2133c85f0fb84e59be5a50aa97cb38c068b77f77f6bbc091</sha384>
			<sha512>a4c47644ceeaeec28944e0c74160203cf12037e0ea1439022e95055dfb6716de172667ce6d9164f12bb519d9cfcf1fdc728abea00f853b41debc7d2740f2b711</sha512>
			<maintainer>Joomla! Production Department</maintainer>
			<maintainerurl>https://www.joomla.org</maintainerurl>
			<section>STS</section>
			<targetplatform name="joomla" version="3.[789]" />
			<php_minimum>5.3.10</php_minimum>
		</update>
	</updates>
	<install>		<!-- Runs on install 安裝時運行 -->
		<sql>
			<file driver="mysql" charset="utf8">sql/install.mysql.utf8.sql</file>
		</sql>
	</install>

	<uninstall>		<!-- Runs on uninstall 卸載時運行 -->
		<sql>
			<file driver="mysql" charset="utf8">sql/uninstall.mysql.utf8.sql</file>
		</sql>
	</uninstall>

	<update>		<!-- Runs on update; New since J2.5 運行時更新 -->
		<schemas>
			<schemapath type="mysql">sql/updates/mysql</schemapath>
		</schemas>
	</update>

	<!-- Site Main File Copy Section -->
	<!-- Note the folder attribute: This attribute describes the folder
		to copy FROM in the package to install therefore files copied
		in this section are copied from /site/ in the package -->
	<files folder="site">
		<filename>index.html</filename>
		<filename>groupbuy.php</filename>
		<filename>controller.php</filename>
		<folder>views</folder>
		<folder>models</folder>
		<folder>controllers</folder>
	</files>
	<languages folder="site/language">
		<language tag="en-GB">en-GB/en-GB.com_groupbuy.ini</language>
	</languages>
	<administration>
		<!-- Administration Menu Section -->
		<menu link='index.php?option=com_groupbuy'>COM_GROUPBUY_MENU</menu>
		<!-- Administration Main File Copy Section -->
		<!-- Note the folder attribute: This attribute describes the folder
			to copy FROM in the package to install therefore files copied
			in this section are copied from /admin/ in the package -->
		<files folder="admin">
			<!-- Admin Main File Copy Section -->
			<filename>index.html</filename>
			<filename>groupbuy.php</filename>
			<filename>controller.php</filename>
			<!-- SQL files section -->
			<folder>sql</folder>
			<folder>models</folder>
			<!-- views files section -->
			<folder>views</folder>
			<folder>controllers</folder>
		</files>
		<languages folder="admin/language">
			<language tag="en-GB">en-GB/en-GB.com_groupbuy.ini</language>
			<language tag="en-GB">en-GB/en-GB.com_groupbuy.sys.ini</language>
		</languages>
	</administration>

</extension>