<?xml version="1.0" encoding="utf-8"?>
<extension type="component" version="3.0" method="upgrade">

	<name>Groupbuy</name>
	<!-- The following elements are optional and free of formatting constraints -->
	<!-- 以下tag自選,沒有格式限制 -->
	<creationDate>October 2020</creationDate>
	<author>John Guo</author>
	<authorEmail>10733135@mail.chihlee.edu.tw</authorEmail>
	<!-- <authorUrl></authorUrl> -->
	<copyright>Copyright Info</copyright>
	<license>License Info</license>
	<!--  The version string is recorded in the components table -->
	<!--  紀錄元件版本 -->
	<version>0.0.6</version>
	<!-- The description is optional and defaults to the name -->
	<!-- 元件的介紹,預設為元件名稱 -->
	<description>Description of the GroupBuy component ...</description>

	<install> <!-- Runs on install 安裝時運行 -->
		<sql>
			<file driver="mysql" charset="utf8">sql/install.mysql.utf8.sql</file>
		</sql>
	</install>

	<uninstall> <!-- Runs on uninstall 卸載時運行 -->
		<sql>
			<file driver="mysql" charset="utf8">sql/uninstall.mysql.utf8.sql</file>
		</sql>
	</uninstall>

	<update> <!-- Runs on update; New since J2.5 運行時更新 -->
		<schemas>
			<schemapath type="mysql">sql/updates/mysql</schemapath>
		</schemas>
	</update>

	<!-- Site Main File Copy Section -->
	<!-- Note the folder attribute: This attribute describes the folder
		to copy FROM in the package to install therefore files copied
		in this section are copied from /site/ in the package -->
	<files folder="site">
		<filename>index.html</filename>
		<filename>groupbuy.php</filename>
		<filename>controller.php</filename>
		<folder>views</folder>
	</files>

	<administration>
		<!-- Administration Menu Section -->
		<menu link='index.php?option=com_groupbuy'>GroupBuy</menu>
		<!-- Administration Main File Copy Section -->
		<!-- Note the folder attribute: This attribute describes the folder
			to copy FROM in the package to install therefore files copied
			in this section are copied from /admin/ in the package -->
		<files folder="admin">
			<!-- Admin Main File Copy Section -->
			<filename>index.html</filename>
			<filename>groupbuy.php</filename>
			<!-- SQL files section -->
			<folder>sql</folder>
		</files>
	</administration>

</extension>